証券コード	社名	業種	理由
0000	クラサスケミカル	化学	足りない項目: revenue, op, net_income, equity_ratio, cash
130A	Ｖｅｒｉｔａｓ　Ｉｎ　Ｓｉｌｉｃｏ	医薬品	足りない項目: revenue, revenue_prev, op, op_prev, net_income, equity_ratio, equity_ratio_prev, cash
155A	情報戦略テクノロジー	情報・通信業	足りない項目: revenue_prev, op_prev, equity_ratio_prev
168A	イタミアート	その他製品	足りない項目: revenue_prev, op_prev, equity_ratio_prev
1764	工藤建設	建設業	足りない項目: revenue_prev, op_prev, equity_ratio_prev
1777	川崎設備工業	建設業	足りない項目: revenue, revenue_prev, op, op_prev, net_income, equity_ratio, equity_ratio_prev, cash
190A	Ｃｈｏｒｄｉａ　Ｔｈｅｒａｐｅｕｔｉｃｓ	医薬品	足りない項目: revenue, revenue_prev, op, op_prev, net_income, equity_ratio, equity_ratio_prev, cash
1950	日本電設工業	建設業	足りない項目: revenue, revenue_prev
1952	新日本空調	建設業	足りない項目: revenue, revenue_prev
2156	セーラー広告	サービス業	足りない項目: revenue, revenue_prev
2163	アルトナー	サービス業	足りない項目: revenue_prev, op_prev, equity_ratio_prev
218A	Ｌｉｂｅｒａｗａｒｅ	情報・通信業	足りない項目: revenue_prev, op_prev, equity_ratio_prev
2216	カンロ	食料品	足りない項目: revenue_prev, op_prev, equity_ratio_prev
2266	六甲バター	食料品	足りない項目: revenue_prev, op_prev, equity_ratio_prev
2282	日本ハム	食料品	足りない項目: op, op_prev
2323	ｆｏｎｆｕｎ	情報・通信業	足りない項目: revenue_prev, op_prev, equity_ratio_prev
2334	イオレ	サービス業	足りない項目: revenue_prev, op_prev, equity_ratio_prev
2433	博報堂ＤＹホールディングス	サービス業	足りない項目: revenue, revenue_prev
248A	キッズスター	情報・通信業	足りない項目: revenue_prev, op_prev, equity_ratio_prev
253A	ＥＴＳグループ	建設業	足りない項目: revenue_prev, op_prev, equity_ratio_prev
2768	双日	卸売業	足りない項目: op, op_prev
280A	ＴＭＨ	卸売業	足りない項目: revenue_prev, op_prev, equity_ratio_prev
299A	クラシル	情報・通信業	足りない項目: revenue_prev, op_prev, equity_ratio_prev
3079	ディーブイエックス	卸売業	足りない項目: revenue_prev, op_prev, equity_ratio_prev
3189	ＡＮＡＰホールディングス	小売業	足りない項目: revenue_prev, op_prev, equity_ratio_prev
3236	プロパスト	不動産業	足りない項目: revenue_prev, op_prev, equity_ratio_prev
323A	フライヤー	情報・通信業	足りない項目: revenue_prev, op_prev, equity_ratio_prev
330A	ＴａｌｅｎｔＸ	情報・通信業	足りない項目: revenue_prev, op_prev, equity_ratio_prev
331A	メディックス	サービス業	足りない項目: revenue_prev, op_prev, equity_ratio_prev
332A	ミーク	情報・通信業	足りない項目: revenue_prev, op_prev, equity_ratio_prev
3358	Ｔｒａｉｌｈｅａｄ　Ｇｌｏｂａｌ　Ｈｏｌｄｉｎｇｓ	小売業	足りない項目: revenue_prev, op_prev, equity_ratio_prev
340A	ジグザグ	情報・通信業	足りない項目: revenue_prev, op_prev, equity_ratio_prev
350A	デジタルグリッド	電気・ガス業	足りない項目: revenue_prev, op_prev, equity_ratio_prev
3624	アクセルマーク	情報・通信業	足りない項目: revenue_prev, op_prev, equity_ratio_prev
366A	ウェルネス・コミュニケーションズ	サービス業	足りない項目: revenue_prev, op_prev, equity_ratio_prev
4151	協和キリン	医薬品	足りない項目: op, op_prev
415A	ＧＭＯ　ＴＥＣＨホールディングス	サービス業	足りない項目: revenue_prev, op_prev, equity_ratio_prev
4168	ヤプリ	情報・通信業	足りない項目: revenue_prev, op_prev, equity_ratio_prev
416A	富士ユナイトホールディングス	卸売業	足りない項目: revenue_prev, op_prev, equity_ratio_prev
4179	ジーネクスト	情報・通信業	足りない項目: revenue_prev, op_prev, equity_ratio_prev
417A	ブルーゾーンホールディングス	小売業	足りない項目: revenue_prev, op_prev, equity_ratio_prev
4197	アスマーク	情報・通信業	足りない項目: revenue_prev, op_prev, equity_ratio_prev
4263	サスメド	情報・通信業	足りない項目: revenue, revenue_prev, op, op_prev, net_income, equity_ratio, equity_ratio_prev, cash
4270	ＢｅｅＸ	情報・通信業	足りない項目: revenue_prev, op_prev, equity_ratio_prev
4370	モビルス	情報・通信業	足りない項目: revenue_prev, op_prev, equity_ratio_prev
4377	ワンキャリア	情報・通信業	足りない項目: revenue_prev, op_prev, equity_ratio_prev
4378	ＣＩＮＣ	情報・通信業	足りない項目: revenue_prev, op_prev, equity_ratio_prev
4381	ビープラッツ	情報・通信業	足りない項目: equity_ratio
4563	アンジェス	医薬品	足りない項目: revenue, revenue_prev
4575	キャンバス	医薬品	足りない項目: revenue, revenue_prev, op, op_prev, net_income, equity_ratio, equity_ratio_prev, cash
4579	ラクオリア創薬	医薬品	足りない項目: revenue, revenue_prev
4591	リボミック	医薬品	足りない項目: revenue, revenue_prev, op, op_prev, net_income, equity_ratio, equity_ratio_prev, cash
4592	サンバイオ	医薬品	足りない項目: revenue, revenue_prev
4594	ブライトパス・バイオ	医薬品	売上高が100万円未満（式で割れない）
4598	ＤｅｌｔａーＦｌｙ　Ｐｈａｒｍａ	医薬品	足りない項目: revenue, revenue_prev, op, op_prev, net_income, equity_ratio, equity_ratio_prev, cash
4599	ステムリム	医薬品	足りない項目: revenue, revenue_prev, op, op_prev, net_income, equity_ratio, equity_ratio_prev, cash
463A	インテリックスホールディングス	不動産業	足りない項目: revenue_prev, op_prev, equity_ratio_prev
4642	オリジナル設計	サービス業	足りない項目: revenue_prev, op_prev, equity_ratio_prev
464A	ＱＰＳホールディングス	情報・通信業	足りない項目: revenue_prev, op_prev, equity_ratio_prev
472A	ミラティブ	情報・通信業	足りない項目: revenue_prev, op_prev
4736	日本ラッド	情報・通信業	足りない項目: revenue_prev, op_prev, equity_ratio_prev
4819	デジタルガレージ	情報・通信業	足りない項目: revenue, revenue_prev, op, op_prev
4880	セルソース	サービス業	足りない項目: revenue_prev, op_prev, equity_ratio_prev
4881	ファンペップ	医薬品	足りない項目: revenue, revenue_prev
4883	モダリス	医薬品	足りない項目: revenue, revenue_prev
4889	レナサイエンス	医薬品	足りない項目: revenue, revenue_prev, op, op_prev, net_income, equity_ratio, equity_ratio_prev, cash
4891	㈱ティムス	医薬品	足りない項目: revenue, revenue_prev, op, op_prev, net_income, equity_ratio, equity_ratio_prev, cash
4893	ノイルイミューン・バイオテック	医薬品	足りない項目: revenue, revenue_prev, op, op_prev, net_income, equity_ratio, equity_ratio_prev, cash
4896	ケイファーマ	医薬品	足りない項目: revenue, revenue_prev, op, op_prev, net_income, equity_ratio, equity_ratio_prev, cash
4901	富士フイルムホールディングス	化学	足りない項目: op, op_prev
5028	セカンドサイトアナリティカ	情報・通信業	足りない項目: revenue_prev, op_prev, equity_ratio_prev
504A	イノバセル	医薬品	足りない項目: revenue, revenue_prev, equity_ratio, equity_ratio_prev
5129	ＦＩＸＥＲ	情報・通信業	足りない項目: revenue_prev, op_prev, equity_ratio_prev
5131	リンカーズ	情報・通信業	足りない項目: revenue_prev, op_prev, equity_ratio_prev
520A	ジェイファーマ	医薬品	足りない項目: revenue, revenue_prev, op, op_prev, net_income, equity_ratio, equity_ratio_prev, cash
5252	日本ナレッジ	情報・通信業	足りない項目: revenue_prev, op_prev, equity_ratio_prev
543A	ＡＲＣＨＩＯＮ	輸送用機器	足りない項目: revenue, revenue_prev, op, op_prev, net_income, equity_ratio, equity_ratio_prev, cash
5572	Ｒｉｄｇｅ－ｉ	情報・通信業	足りない項目: revenue_prev, op_prev
5580	プロディライト	情報・通信業	足りない項目: revenue_prev, op_prev, equity_ratio_prev
5586	Ｌａｂｏｒｏ．ＡＩ	情報・通信業	足りない項目: revenue_prev, op_prev, equity_ratio_prev
5587	インバウンドプラットフォーム	情報・通信業	足りない項目: revenue_prev, op_prev, equity_ratio_prev
5588	ファーストアカウンティング	情報・通信業	足りない項目: revenue_prev, op_prev, equity_ratio_prev
5713	住友金属鉱山	非鉄金属	足りない項目: op, op_prev
5884	クラダシ	小売業	足りない項目: revenue_prev, op_prev, equity_ratio_prev
5891	ＳＡＫＩＧＡＫＥホールディングス	小売業	足りない項目: revenue_prev, op_prev, equity_ratio_prev
5900	ダイケン	金属製品	足りない項目: revenue_prev, op_prev, equity_ratio_prev
6177	ＡｐｐＢａｎｋ	サービス業	足りない項目: revenue_prev, op_prev, equity_ratio_prev
6178	日本郵政	サービス業	足りない項目: revenue, revenue_prev, op, op_prev
6264	マルマエ	機械	足りない項目: revenue_prev, op_prev, equity_ratio_prev
6301	小松製作所	機械	足りない項目: op, op_prev
6330	東洋エンジニアリング	建設業	足りない項目: revenue, revenue_prev
6379	レイズネクスト	建設業	足りない項目: revenue, revenue_prev
6501	日立製作所	電気機器	足りない項目: op, op_prev
6563	みらいワークス	サービス業	足りない項目: revenue_prev, op_prev, equity_ratio_prev
6645	オムロン	電気機器	足りない項目: op, op_prev
6696	トラース・オン・プロダクト	電気機器	足りない項目: revenue_prev, op_prev, equity_ratio_prev
6779	日本電波工業	電気機器	足りない項目: net_income
6836	ぷらっとホーム	電気機器	足りない項目: revenue_prev, op_prev, equity_ratio_prev
7011	三菱重工業	機械	足りない項目: op, op_prev
7035	ａｎｄ　ｆａｃｔｏｒｙ	サービス業	足りない項目: revenue_prev, op_prev, equity_ratio_prev
7063	Ｂｉｒｄｍａｎ	サービス業	足りない項目: equity_ratio_prev
7074	トゥエンティーフォーセブンホールディングス	サービス業	足りない項目: revenue_prev, op_prev, equity_ratio_prev
7076	名南Ｍ＆Ａ	サービス業	足りない項目: revenue_prev, op_prev, equity_ratio_prev
7096	ステムセル研究所	医薬品	足りない項目: revenue_prev, op_prev, equity_ratio_prev
7357	ジオコード	サービス業	足りない項目: revenue_prev, op_prev, equity_ratio_prev
7360	オンデック	サービス業	足りない項目: revenue_prev, op_prev, equity_ratio_prev
7368	表示灯	サービス業	足りない項目: revenue, revenue_prev, op_prev, equity_ratio_prev
7434	オータケ	卸売業	足りない項目: revenue_prev, op_prev, equity_ratio_prev
7462	ＣＡＰＩＴＡ	小売業	足りない項目: revenue_prev, op_prev, equity_ratio_prev
7545	西松屋チェーン	小売業	足りない項目: revenue_prev, op_prev, equity_ratio_prev
7741	ＨＯＹＡ	精密機器	足りない項目: op, op_prev, net_income
7751	キヤノン	電気機器	足りない項目: op, op_prev
7804	ビーアンドピー	その他製品	足りない項目: revenue_prev, op_prev, equity_ratio_prev
8001	伊藤忠商事	卸売業	足りない項目: op, op_prev
8002	丸紅	卸売業	足りない項目: op, op_prev
8031	三井物産	卸売業	足りない項目: op, op_prev
8032	日本紙パルプ商事	卸売業	足りない項目: revenue, revenue_prev
8053	住友商事	卸売業	足りない項目: op, op_prev
8058	三菱商事	卸売業	足りない項目: op, op_prev
8113	ユニ・チャーム	化学	足りない項目: op, op_prev
8252	丸井グループ	小売業	足りない項目: revenue, revenue_prev
8887	シーラホールディングス	不動産業	足りない項目: revenue_prev, op_prev, equity_ratio_prev
9162	ブリーチ	サービス業	足りない項目: revenue_prev, op_prev, equity_ratio_prev
9204	スカイマーク	空運業	足りない項目: revenue, revenue_prev, op, op_prev, net_income, equity_ratio, equity_ratio_prev, cash
9214	Ｒｅｃｏｖｅｒｙ　Ｉｎｔｅｒｎａｔｉｏｎａｌ	サービス業	足りない項目: revenue_prev, op_prev, equity_ratio_prev
9215	ＣａＳｙ	サービス業	足りない項目: revenue_prev, op_prev, equity_ratio_prev
9237	笑美面	サービス業	足りない項目: revenue_prev, op_prev, equity_ratio_prev
9256	サクシード	サービス業	足りない項目: revenue_prev, op_prev, equity_ratio_prev
9258	ＣＳ－Ｃ	情報・通信業	足りない項目: revenue_prev, op_prev, equity_ratio_prev
9343	アイビス	サービス業	足りない項目: revenue_prev, op_prev, equity_ratio_prev
9419	ワイヤレスゲート	情報・通信業	足りない項目: revenue_prev, op_prev, equity_ratio_prev
9423	フォーバル・リアルストレート	情報・通信業	足りない項目: revenue_prev, op_prev, equity_ratio_prev
9467	アルファポリス	情報・通信業	足りない項目: revenue_prev, op_prev, equity_ratio_prev
9561	グラッドキューブ	サービス業	足りない項目: revenue_prev, op_prev, equity_ratio_prev
9946	ミニストップ	小売業	足りない項目: revenue, revenue_prev
9984	ソフトバンクグループ	情報・通信業	足りない項目: op, op_prev
